"pls_id","chd_id","rcs_id"
"25","25","2"
"30","30","1"
"41","41","103"
"45","45","1"
"46","46","1"
"47","47","1"
"48","48","1"
"49","49","1"
"56","56","83"
"59","59","1"
"60","60","5"
"62","62","2"
"64","64","1"
"78","78","1"
"83","83","1"
"84","84","1"
"86","86","2"
"87","87","2"
"107","107","33"
"108","108","33"
"112","112","94"
"123","123","2"
"124","124","94"
"126","126","103"
"127","127","103"
"129","129","94"
"133","133","94"
"134","134","5"
"135","135","5"
"136","136","3"
"139","139","1"
"140","140","26"
"142","142","26"
"148","148","94"
"149","149","62"
"176","176","98"
"178","178","94"
"181","181","1"
"185","185","2"
"188","188","2"
"190","190","2"
"194","194","68"
"201","201","5"
"211","211","5"
"238","238","94"
"243","243","83"
"247","247","94"
"251","251","2"
"253","253","2"
"257","257","1"
"264","264","1"
"269","269","1"
"275","275","5"
"279","279","94"
"304","304","68"
"308","308","1"
"317","317","1"
"323","323","1"
"324","324","1"
"325","325","1"
"343","343","2"
"347","347","94"
"352","352","94"
"354","354","26"
"355","355","94"
"362","362","1"
"365","365","1"
"367","367","1"
"375","375","5"
"387","387","1"
"388","388","83"
"394","394","5"
"396","396","5"
"398","398","2"
"401","401","2"
"402","402","1"
"403","403","94"
"404","404","94"
"427","427","5"
"434","434","1"
"435","435","1"
"436","436","5"
"440","440","1"
"441","441","1"
"442","442","1"
"459","459","3"
"463","463","4"
"469","469","5"
"470","470","3"
"471","471","3"
"486","486","1"
"487","487","5"
"488","488","5"
"494","494","83"
"498","498","94"
"499","499","2"
"500","500","2"
"502","502","100"
"503","503","1"
"505","505","62"
"509","509","68"
"512","512","3"
"521","521","83"
"534","534","1"
"535","535","1"
"536","536","1"
"537","537","1"
"538","538","1"
"541","541","18"
"542","542","1"
"543","543","1"
"544","544","5"
"545","545","5"
"551","551","5"
"552","552","5"
"557","557","79"
"558","558","5"
"559","559","2"
"560","560","2"
"567","567","94"
"568","568","2"
"574","574","1"
"577","577","83"
"581","581","103"
"589","589","103"
"590","590","103"
"594","594","26"
"595","595","5"
"596","596","5"
"597","597","94"
"601","601","83"
"602","602","2"
"608","608","1"
"618","618","2"
"619","619","1"
"620","620","1"
"621","621","103"
"623","623","94"
"625","625","83"
"629","629","68"
"630","630","1"
"631","631","103"
"634","634","62"
"638","638","1"
"639","639","1"
"642","642","1"
"643","643","94"
"658","658","1"
"659","659","5"
"660","660","5"
"661","661","1"
"663","663","94"
"665","665","5"
"669","669","1"
"674","674","1"
"675","675","1"
"680","680","1"
"681","681","1"
"683","683","1"
"687","687","94"
"689","689","5"
"695","695","1"
"698","698","1"
"699","699","1"
"702","702","83"
"703","703","1"
"705","705","83"
"707","707","1"
"708","708","3"
"709","709","2"
"714","714","94"
"715","715","94"
"716","716","5"
"721","721","83"
"724","724","5"
"725","725","3"
"727","727","33"
"734","734","1"
"735","735","5"
"736","736","5"
"739","739","26"
"740","740","5"
"742","742","62"
"746","746","68"
"749","749","1"
"750","750","1"
"751","751","1"
"752","752","5"
"755","755","94"
"756","756","5"
"757","757","94"
"764","764","1"
"765","765","1"
"766","766","79"
"770","770","94"
"773","773","5"
"774","774","94"
"775","775","3"
"779","779","94"
"780","780","1"
"783","783","83"
"787","787","5"
"788","788","94"
"789","789","94"
"790","790","4"
"791","791","4"
"792","792","103"
"805","805","1"
"806","806","1"
"807","807","1"
"809","809","5"
"810","810","5"
"815","815","1"
"817","817","1"
"822","822","94"
"823","823","94"
"826","826","94"
"827","827","94"
"833","833","1"
"834","834","94"
"835","835","5"
"838","838","5"
"839","839","4"
"840","840","4"
"841","841","5"
"843","843","68"
"844","844","5"
"845","845","1"
"847","847","94"
"848","848","94"
"849","849","94"
"854","854","1"
"861","861","26"
"862","862","3"
"863","863","3"
"864","864","3"
"865","865","83"
"866","866","83"
"867","867","83"
"883","883","103"
"887","887","83"
"888","888","1"
"889","889","94"
"890","890","83"
"891","891","5"
"892","892","5"
"903","903","83"
"905","905","83"
"907","907","83"
"912","912","79"
"913","913","83"
"914","914","94"
"916","916","5"
"926","926","83"
"929","929","1"
"930","930","68"
"931","931","23"
"932","932","94"
"933","933","94"
"934","934","94"
"935","935","90"
"936","936","103"
"937","937","103"
"938","938","103"
"939","939","26"
"941","941","94"
"942","942","5"
"947","947","94"
"948","948","94"
"949","949","94"
"950","950","94"
"951","951","94"
"952","952","94"
"954","954","103"
"955","955","4"
"956","956","5"
"957","957","5"
"958","958","5"
"959","959","94"
"961","961","94"
"963","963","94"
"966","966","94"
"969","969","5"
"970","970","94"
"973","973","83"
"978","978","5"
"981","981","83"
"984","984","94"
"985","985","94"
"986","986","1"
"987","987","1"
"988","988","1"
"989","989","94"
"990","990","79"
"992","992","94"
"993","993","94"
"994","994","5"
"995","995","94"
"998","998","94"
"999","999","94"
"1000","1000","83"
"1002","1002","68"
"1003","1003","5"
"1004","1004","5"
"1006","1006","83"
"1007","1007","1"
"1008","1008","5"
"1009","1009","94"
"1014","1014","94"
"1016","1016","92"
"1017","1017","83"
"1018","1018","83"
"1019","1019","94"
"1020","1020","5"
"1021","1021","5"
"1022","1022","5"
"1024","1024","1"
"1025","1025","83"
"1026","1026","5"
"1027","1027","5"
"1031","1031","83"
"1032","1032","4"
"1033","1033","4"
"1034","1034","4"
"1035","1035","5"
"1036","1036","75"
"1037","1037","75"
"1041","1041","94"
"1042","1042","5"
"1043","1043","83"
"1048","1048","94"
"1049","1049","94"
"1051","1051","83"
"1052","1052","5"
"1053","1053","94"
"1054","1054","83"
"1055","1055","83"
"1056","1056","94"
"1063","1063","83"
"1064","1064","94"
"1065","1065","94"
"1066","1066","94"
"1067","1067","5"
"1068","1068","94"
"1069","1069","94"
"1071","1071","94"
"1072","1072","94"
"1076","1076","92"
"1081","1081","94"
"1085","1085","83"
"1086","1086","83"
"1087","1087","83"
"1088","1088","83"
"1089","1089","83"
"1090","1090","83"
"1091","1091","5"
"1092","1092","94"
"1097","1097","83"
"1098","1098","94"
"1099","1099","83"
"1100","1100","83"
"1101","1101","94"
"1102","1102","83"
"1103","1103","5"
"1108","1108","94"
"1109","1109","103"
"1110","1110","68"
"1111","1111","83"
"1112","1112","5"
"1113","1113","94"
"1114","1114","94"
"1115","1115","94"
"1116","1116","83"
"1117","1117","83"
"1121","1121","35"
"1123","1123","1"
"1124","1124","2"
"1125","1125","1"
"1126","1126","79"
"1128","1128","83"
"1129","1129","5"
"1132","1132","1"
"1134","1134","94"
"1135","1135","83"
"1136","1136","94"
"1139","1139","5"
"1142","1142","83"
"1144","1144","83"
"1145","1145","83"
"1146","1146","83"
"1147","1147","94"
"1151","1151","94"
"1153","1153","5"
"1154","1154","5"
"1155","1155","5"
"1156","1156","2"
"1158","1158","98"
"1159","1159","98"
"1160","1160","98"
"1161","1161","98"
"1164","1164","1"
"1165","1165","5"
"1167","1167","94"
"1168","1168","94"
"1169","1169","5"
"1171","1171","83"
"1172","1172","79"
"1181","1181","94"
"1182","1182","94"
"1183","1183","94"
"1186","1186","83"
"1187","1187","94"
"1188","1188","94"
"1189","1189","94"
"1190","1190","94"
"1197","1197","79"
"1200","1200","83"
"1204","1204","83"
"1210","1210","4"
"1212","1212","5"
"1215","1215","79"
"1216","1216","79"
"1220","1220","83"
"1222","1222","83"
"1223","1223","83"
"1226","1226","5"
"1227","1227","5"
"1228","1228","83"
"1230","1230","94"
"1231","1231","5"
"1233","1233","94"
"1236","1236","5"
"1237","1237","94"
"1239","1239","83"
"1240","1240","94"
"1241","1241","79"
"1242","1242","79"
"1243","1243","94"
"1244","1244","94"
"1245","1245","1"
"1246","1246","1"
"1249","1249","94"
"1250","1250","94"
"1256","1256","94"
"1257","1257","94"
"1259","1259","83"
"1262","1262","83"
"1263","1263","5"
"1264","1264","5"
"1266","1266","1"
"1267","1267","5"
"1268","1268","5"
"1269","1269","83"
"1270","1270","83"
"1271","1271","33"
"1273","1273","1"
"1274","1274","90"
"1275","1275","1"
"1276","1276","68"
"1277","1277","68"
"1284","1284","5"
"1285","1285","5"
"1287","1287","103"
"1288","1288","1"
"1289","1289","92"
"1294","1294","4"
"1296","1296","5"
"1297","1297","94"
"1299","1299","94"
"1300","1300","3"
"1305","1305","83"
"1306","1306","94"
"1307","1307","94"
"1308","1308","94"
"1311","1311","5"
"1313","1313","5"
"1316","1316","94"
"1317","1317","94"
"1318","1318","5"
"1320","1320","5"
"1321","1321","5"
"1322","1322","5"
"1332","1332","68"
"1333","1333","68"
"1334","1334","68"
"1335","1335","5"
"1336","1336","5"
"1340","1340","83"
"1341","1341","5"
"1342","1342","94"
"1344","1344","4"
"1345","1345","1"
"1347","1347","5"
"1349","1349","2"
"1350","1350","2"
"1351","1351","2"
"1352","1352","83"
"1353","1353","83"
"1354","1354","94"
"1355","1355","94"
"1356","1356","94"
"1357","1357","94"
"1358","1358","92"
"1359","1359","92"
"1360","1360","92"
"1363","1363","4"
"1366","1366","5"
"1367","1367","83"
"1368","1368","5"
"1369","1369","5"
"1370","1370","5"
"1373","1373","5"
"1374","1374","83"
"1375","1375","33"
"1376","1376","94"
"1377","1377","5"
"1378","1378","5"
"1381","1381","83"
"1387","1387","4"
"1388","1388","4"
"1389","1389","4"
"1391","1391","5"
"1392","1392","103"
"1393","1393","94"
"1394","1394","5"
"1397","1397","103"
"1398","1398","5"
"1401","1401","94"
"1402","1402","94"
"1403","1403","103"
"1405","1405","94"
"1412","1412","94"
"1413","1413","94"
"1420","1420","92"
"1421","1421","92"
"1429","1429","3"
"1431","1431","103"
"1433","1433","5"
"1438","1438","92"
"1439","1439","92"
"1441","1441","83"
"1443","1443","92"
"1448","1448","3"
"1454","1454","1"
"1456","1456","94"
"1457","1457","94"
"1460","1460","103"
"1461","1461","94"
"1466","1466","1"
"1474","1474","94"
"1477","1477","5"
"1478","1478","5"
"1479","1479","5"
"1483","1483","5"
"1484","1484","5"
"1485","1485","5"
"1487","1487","1"
"1489","1489","94"
"1490","1490","94"
"1491","1491","79"
"1493","1493","79"
"1494","1494","79"
"1495","1495","103"
"1496","1496","94"
"1497","1497","83"
"1498","1498","83"
"1499","1499","5"
"1500","1500","1"
"1509","1509","1"
"1510","1510","26"
"1511","1511","83"
"1512","1512","26"
"1513","1513","5"
"1516","1516","100"
"1517","1517","5"
"1519","1519","83"
"1520","1520","94"
"1521","1521","93"
"1522","1522","94"
"1523","1523","92"
"1527","1527","83"
"1528","1528","83"
"1529","1529","83"
"1533","1533","83"
"1535","1535","5"
"1536","1536","5"
"1537","1537","4"
"1538","1538","83"
"1539","1539","33"
"1540","1540","83"
"1541","1541","94"
"1547","1547","83"
"1548","1548","92"
"1550","1550","103"
"1551","1551","1"
"1553","1553","94"
"1555","1555","1"
"1556","1556","1"
"1558","1558","83"
"1562","1562","1"
"1563","1563","1"
"1564","1564","100"
"1565","1565","100"
"1568","1568","83"
"1569","1569","94"
"1570","1570","83"
"1571","1571","83"
"1577","1577","83"
"1584","1584","83"
"1586","1586","83"
"1587","1587","83"
"1588","1588","94"
"1592","1592","83"
"1593","1593","83"
"1594","1594","92"
"1595","1595","92"
"1597","1597","94"
"1598","1598","94"
"1599","1599","94"
"1600","1600","5"
"1601","1601","5"
"1603","1603","1"
"1606","1606","79"
"1607","1607","94"
"1608","1608","94"
"1613","1613","83"
"1614","1614","94"
"1615","1615","94"
"1616","1616","4"
"1618","1618","94"
"1619","1619","5"
"1620","1620","5"
"1621","1621","83"
"1623","1623","83"
"1624","1624","83"
"1625","1625","92"
"1626","1626","92"
"1627","1627","5"
"1628","1628","4"
"1629","1629","94"
"1630","1630","5"
"1631","1631","5"
"1645","1645","26"
"1647","1647","83"
"1648","1648","83"
"1653","1653","1"
"1660","1660","1"
"1663","1663","1"
"1664","1664","1"
"1665","1665","94"
"1674","1674","1"
"1677","1677","92"
"1678","1678","103"
"1681","1681","94"
"1683","1683","4"
"1684","1684","2"
"1686","1686","5"
"1690","1690","4"
"1694","1694","83"
"1695","1695","68"
"1703","1703","1"
"1704","1704","1"
"1706","1706","94"
"1707","1707","94"
"1708","1708","1"
"1710","1710","93"
"1713","1713","94"
"1715","1715","94"
"1717","1717","5"
"1718","1718","26"
"1719","1719","26"
"1720","1720","23"
"1721","1721","23"
"1724","1724","94"
"1728","1728","83"
"1729","1729","83"
"1730","1730","83"
"1735","1735","94"
"1737","1737","94"
"1742","1742","1"
"1743","1743","1"
"1745","1745","5"
"1746","1746","5"
"1747","1747","93"
"1748","1748","1"
"1749","1749","5"
"1752","1752","94"
"1753","1753","94"
"1768","1768","83"
"1769","1769","83"
"1775","1775","83"
"1776","1776","94"
"1783","1783","94"
"1784","1784","94"
"1789","1789","92"
"1790","1790","100"
"1791","1791","100"
"1798","1798","68"
"1799","1799","68"
"1800","1800","68"
"1808","1808","5"
"1811","1811","5"
"1812","1812","5"
"1813","1813","5"
"1814","1814","94"
"1815","1815","94"
"1816","1816","94"
"1817","1817","94"
"1825","1825","5"
"1826","1826","5"
"1827","1827","94"
"1828","1828","94"
"1832","1832","94"
"1833","1833","83"
"1834","1834","83"
"1835","1835","94"
"1836","1836","5"
"1840","1840","94"
"1853","1853","5"
"1865","1865","68"
"1866","1866","103"
"1867","1867","1"
"1880","1880","94"
"1881","1881","94"
"1882","1882","33"
"1883","1883","1"
"1890","1890","83"
"1891","1891","93"
"1920","1920","94"
"1921","1921","83"
"1922","1922","4"
"1925","1925","83"
"1928","1928","83"
"1931","1931","103"
"1934","1934","83"
"1941","1941","100"
"1942","1942","83"
"1943","1943","94"
"1962","1962","83"
"1964","1964","83"
"1973","1973","94"
"1981","1981","83"
"1983","1983","26"
"1984","1984","26"
"1988","1988","94"
"2011","2011","94"
"2014","2014","92"
"2015","2015","92"
"2017","2017","4"
"2030","2030","5"
"2031","2031","5"
"2034","2034","4"
"2038","2038","5"
"2056","2056","94"
"2058","2058","5"
"2059","2059","5"
"2113","2113","5"
"2114","2114","5"
"3001","2133","94"
"3002","2134","94"
"3003","1968","94"
"3004","2154","5"
"3005","2155","5"
"3006","1589","83"
"3007","1590","83"
"3009","1857","83"
"3010","1855","83"
"3011","1854","83"
"3015","2036","83"
"3016","2028","1"
"3017","2029","1"
"3018","1758","33"
"3019","1760","33"
"3020","1761","33"
"3021","1759","33"
"3022","1691","1"
"3023","2019","94"
"3024","2020","94"
"3025","2104","94"
"3026","2105","94"
"3028","2168","92"
"3029","2160","26"
"3030","1758","26"
"3031","1760","26"
"3032","1759","26"
"3033","1761","26"
"3034","1911","94"
"3035","1912","83"
"3036","1913","83"
"3037","1150","83"
"3038","1463","33"
"3039","1464","33"
"3040","1936","103"
"3041","1957","83"
"3042","1998","83"
"3043","1999","83"
"3044","1965","94"
"3045","2078","5"
"3046","2124","94"
"3047","2009","68"
"3048","1935","103"
"3049","2009","94"
"3051","2127","83"
"3052","2081","26"
"3053","1810","26"
"3054","1731","94"
"3055","1923","94"
"3056","2062","94"
"3057","1444","92"
"3058","1961","1"
"3059","2079","33"
"3060","2184","94"
"3061","1801","68"
"3062","1802","68"
"3063","1314","94"
"3064","1997","5"
"3066","1282","3"
"3067","1821","5"
"3068","1822","5"
"3070","2142","5"
"3072","1916","94"
"3073","1917","94"
"3074","1919","94"
"3075","1908","94"
"3076","1909","94"
"3077","1910","94"
"3078","896","83"
"3079","2087","5"
"3081","2259","83"
"3082","1889","94"
"3083","2164","94"
"3084","1675","83"
"3085","1676","83"
"3086","2269","5"
"3087","2268","5"
"3088","2267","5"
"3089","2110","94"
"3090","1084","5"
"3091","1841","94"
"3092","2281","5"
"3093","1946","94"
"3095","2162","79"
"3097","2280","5"
"3098","1982","1"
"3100","2032","83"
"3101","1879","94"
"3102","1762","5"
"3103","1666","2"
"3105","1669","2"
"3106","1668","2"
"3108","1561","2"
"3113","1559","21"
"3114","1751","83"
"3115","1459","1"
"3116","2066","83"
"3117","1671","94"
"3118","2325","5"
"3119","2324","5"
"3120","1531","26"
"3121","2150","68"
"3122","2187","4"
"3123","2072","94"
"3124","2106","94"
"3125","2108","94"
"3126","2109","94"
"3127","2107","94"
"3128","2137","94"
"3129","2074","94"
"3130","1702","94"
"3132","2191","94"
"3133","1427","83"
"3136","2241","94"
"3137","1804","83"
"3138","1572","5"
"3139","1859","83"
"3140","1895","94"
"3141","1870","26"
"3143","1780","62"
"3144","1901","83"
"3146","1977","103"
"3147","1902","83"
"3148","478","26"
"3149","2233","83"
"3150","2128","94"
"3151","2309","94"
"3152","2310","94"
"3153","2341","83"
"3155","2073","94"
"3156","1959","103"
"3157","1778","5"
"3160","1379","94"
"3161","2075","5"
"3162","1525","83"
"3163","1526","83"
"3164","1955","94"
"3166","1744","103"
"3169","1903","94"
"3170","2377","1002"
"3171","2008","83"
"3172","2378","1002"
"3173","1966","94"
"3174","1967","94"
"3175","2185","94"
"3176","2298","94"
"3178","1410","2"
"3179","2317","94"
"3180","2024","4"
"3181","1963","1002"
"3182","2130","94"
"3183","2132","94"
"3184","2131","94"
"3185","1741","2"
"3186","1642","1"
"3190","1636","33"
"3191","1554","33"
"3192","1860","94"
"3193","2202","1000"
"3194","2203","1000"
"3195","2286","1002"
"3197","2175","83"
"3198","1633","5"
"3199","1930","83"
"3201","2221","5"
"3203","2290","4"
"3204","2289","4"
"3207","1956","1"
"3208","1956","1002"
"3209","2182","1"
"3210","2182","1002"
"3211","2262","1000"
"3212","2391","4"
"3213","2044","83"
"3214","2236","114"
"3215","2237","114"
"3217","2176","94"
"3218","2060","94"
"3220","1779","94"
"3221","1736","94"
"3222","151","83"
"3223","1873","5"
"3224","1872","5"
"3226","2260","1000"
"3227","2261","1000"
"3228","1505","83"
"3229","2204","1002"
"3230","2204","1000"
"3231","2205","1000"
"3232","2205","1002"
"3234","1914","1"
"3236","2421","1002"
"3237","2420","1002"
"3238","1173","1002"
"3242","2189","83"
"3243","2161","4"
"3244","2390","94"
"3245","1281","83"
"3246","1330","5"
"3247","1330","1000"
"3248","1878","2"
"3249","1878","5"
"3250","1876","2"
"3251","1876","5"
"3252","1877","2"
"3253","1877","5"
"3254","1940","1"
"3255","1939","1"
"3256","1869","83"
"3257","2192","33"
"3261","2263","94"
"3264","2225","26"
"3265","842","26"
"3266","1417","2"
"3267","395","83"
"3268","2140","4"
"3269","1425","83"
"3270","1424","26"
"3271","2407","83"
"3272","2214","83"
"3273","897","94"
"3274","2464","94"
"3275","2046","94"
"3276","1985","15"
"3280","704","90"
"3281","1432","94"
"3284","1348","1"
"3285","1235","5"
"3287","2147","114"
"3288","1716","94"
"3289","919","1002"
"3290","919","5"
"3292","1581","1"
"3293","1319","83"
"3294","1409","2"
"3295","2415","94"
"3296","2411","94"
"3297","2384","1000"
"3298","2033","83"
"3299","2092","83"
"3300","1987","5"
"3301","1987","2"
"3302","2013","1"
"3306","1567","94"
"3307","1611","83"
"3309","2027","33"
"3310","2330","114"
"3311","2330","110"
"3312","2163","94"
"3314","1122","1"
"3318","2001","83"
"3319","2003","1"
"3320","2002","1"
"3323","2379","4"
"3324","2380","4"
"3325","2177","83"
"3326","2178","83"
"3327","2292","1000"
"3328","2293","1000"
"3329","1995","68"
"3330","1777","68"
"3331","2207","83"
"3332","2208","83"
"3333","701","83"
"3334","2090","68"
"3337","1436","83"
"3338","1888","94"
"3340","2477","83"
"3341","2401","94"
"3345","2462","1000"
"3346","2463","1000"
"3349","2069","94"
"3350","2492","26"
"3351","2490","26"
"3352","1845","94"
"3353","1734","94"
"3354","2460","83"
"3355","2473","94"
"3356","1705","94"
"3357","1711","33"
"3359","612","83"
"3360","2055","94"
"3361","2167","94"
"3362","2082","83"
"3363","2217","1"
"3364","2258","2"
"3366","2448","1000"
"3367","2513","5"
"3369","1972","94"
"3370","2085","83"
"3371","2422","5"
"3372","2423","5"
"3373","2425","5"
"3374","2424","5"
"3375","2025","83"
"3376","2223","1"
"3377","2223","5"
"3378","2439","94"
"3379","2406","94"
"3381","2417","94"
"3382","1805","83"
"3383","2440","94"
"3384","2166","4"
"3385","2540","26"
"3386","2541","26"
"3387","1195","5"
"3390","2404","5"
"3391","2383","5"
"3392","2387","5"
"3393","2382","5"
"3394","2475","83"
"3395","1763","93"
"3396","2530","5"
"3397","1602","1"
"3398","1604","1"
"3400","2611","4"
"3403","2372","83"
"3405","2398","83"
"3406","2399","83"
"3408","1782","94"
"3409","2010","83"
"3410","1792","83"
"3411","1793","83"
"3412","2244","83"
"3414","2277","83"
"3415","2518","94"
"3418","1844","83"
"3419","1958","94"
"3420","2575","5"
"3424","2547","94"
"3426","2452","94"
"3427","2245","83"
"3428","2270","68"
"3430","2053","1011"
"3431","2053","33"
"3433","2139","2"
"3437","825","2"
"3438","2316","33"
"3439","2316","1000"
"3440","2338","1002"
"3441","2340","1002"
"3442","2339","1002"
"3443","1654","83"
"3444","2053","5"
"3445","2443","94"
"3447","2299","1002"
"3448","1986","94"
"3449","1929","83"
"3450","917","94"
"3451","2253","94"
"3452","2266","94"
"3453","2064","94"
"3454","2065","94"
"3455","1950","94"
"3456","1924","94"
"3457","2279","94"
"3458","2418","94"
"3459","2239","68"
"3460","2240","68"
"3462","2542","5"
"3463","2212","94"
"3464","2520","5"
"3465","2521","5"
"3467","2570","94"
"3470","2601","94"
"3471","2562","4"
"3473","2319","1"
"3474","2319","4"
"3478","2515","5"
"3482","2708","4"
"3483","2709","4"
"3484","1657","83"
"3485","2496","83"
"3487","2304","83"
"3488","2171","1000"
"3489","2172","1000"
"3490","2173","1000"
"3491","2234","12"
"3492","2234","5"
"3493","2235","12"
"3494","2235","5"
"3495","1482","1000"
"3496","2603","94"
"3497","2536","94"
"3498","2450","83"
"3500","2660","83"
"3503","2595","1000"
"3504","2364","68"
"3505","2365","68"
"3506","1926","1"
"3507","1927","1"
"3508","2600","94"
"3509","2568","1"
"3510","2569","1"
"3511","1579","68"
"3513","2632","1000"
"3514","1725","83"
"3516","2762","1000"
"3517","2761","1000"
"3519","2711","83"
"3520","2712","83"
"3521","2125","5"
"3522","2625","94"
"3523","2626","94"
"3524","2579","94"
"3525","2578","94"
"3526","2041","94"
"3527","2506","94"
"3528","2546","94"
"3529","2508","1000"
"3530","2574","5"
"3531","2574","4"
"3533","2573","4"
"3534","2573","5"
"3535","2051","33"
"3537","2052","33"
"3538","2295","83"
"3539","2517","83"
"3541","2588","68"
"3543","2593","5"
"3544","2246","33"
"3545","2741","94"
"3546","2591","1000"
"3547","2366","94"
"3548","2394","94"
"3549","2395","94"
"3550","2334","94"
"3552","2123","94"
"3553","2122","94"
"3554","2760","5"
"3556","2701","94"
"3557","2479","5"
"3558","2721","94"
"3559","2479","33"
"3560","2047","94"
"3561","2413","94"
"3562","1732","94"
"3563","2136","94"
"3564","2438","94"
"3565","2419","94"
"3566","2272","94"
"3567","2273","94"
"3568","2274","94"
"3570","2693","1000"
"3571","2692","1000"
"3573","2525","5"
"3574","2640","5"
"3575","2639","5"
"3576","2549","5"
"3577","2723","5"
"3578","2722","5"
"3581","2445","5"
"3585","2311","83"
"3586","2312","83"
"3587","2621","94"
"3588","2622","94"
"3589","2702","83"
"3590","2301","83"
"3591","2302","83"
"3592","2679","5"
"3593","2405","1000"
"3594","2433","94"
"3595","2548","5"
"3596","1712","83"
"3598","2667","5"
"3601","2684","94"
"3602","2685","94"
"3603","2556","83"
"3604","906","2"
"3606","2776","94"
"3607","2798","26"
"3608","2489","83"
"3609","2089","83"
"3610","1696","94"
"3611","2672","5"
"3612","2671","5"
"3613","2369","94"
"3614","2370","94"
"3615","2375","94"
"3617","2156","92"
"3618","2620","83"
"3619","2194","94"
"3622","2306","1000"
"3623","2307","1000"
"3624","2428","26"
"3625","2039","1002"
"3626","2585","83"
"3627","1251","68"
"3628","2772","94"
"3629","2729","83"
"3630","2728","83"
"3631","1667","5"
"3632","1524","83"
"3634","2049","33"
"3635","2050","33"
"3636","2664","94"
"3637","2146","1000"
"3638","2146","5"
"3640","2321","3"
"3642","2472","1000"
"3643","2472","5"
"3644","2471","1000"
"3645","2471","5"
"3647","2190","94"
"3648","2483","94"
"3649","2799","94"
"3652","2576","5"
"3653","2577","5"
"3654","2716","1000"
"3655","2715","1000"
"3656","2374","94"
"3657","2412","4"
"3658","1806","83"
"3659","2856","93"
"3660","2857","4"
"3662","2642","1"
"3663","2643","1"
"3664","2644","1"
"3665","2545","1000"
"3667","1897","94"
"3668","1898","94"
"3669","2526","1"
"3671","1545","1000"
"3672","1545","68"
"3673","2740","94"
"3674","2871","4"
"3675","1465","83"
"3676","2666","94"
"3677","2271","68"
"3678","2704","1000"
"3679","2459","33"
"3680","2705","1000"
"3682","2763","4"
"3683","2764","4"
"3684","2882","4"
"3685","2637","68"
"3686","2638","68"
"3687","2737","1000"
"3688","2481","83"
"3689","2730","5"
"3690","2731","5"
"3692","2731","4"
"3694","2730","4"
"3695","2895","26"
"3696","2649","1000"
"3697","2504","83"
"3698","2769","83"
"3699","2784","1000"
"3700","2783","1000"
"3701","1750","33"
"3702","2739","83"
"3704","2681","1000"
"3705","2646","94"
"3709","2432","103"
"3712","2824","83"
"3717","2694","83"
"3720","2746","83"
"3722","2629","94"
"3723","2514","1"
"3724","965","94"
"3725","2584","1"
"3726","2584","5"
"3728","2254","94"
"3729","1566","83"
"3730","2697","1"
"3732","2656","26"
"3733","2296","83"
"3734","2297","83"
"3735","2121","94"
"3736","2120","94"
"3737","2558","4"
"3738","2557","4"
"3741","2589","1"
"3742","2848","94"
"3743","2445","1000"
"3744","2305","1000"
"3745","2730","1000"
"3746","2731","1000"
"3747","2476","4"
"3748","2219","103"
"3749","2220","103"
"3750","2249","33"
"3751","2528","94"
"3754","2703","1019"
"3757","2512","83"
"3758","2805","33"
"3760","2668","1022"
"3761","1838","94"
"3763","2939","5"
"3764","2332","83"
"3765","2509","5"
"3766","2510","5"
"3767","2510","1"
"3768","2509","1"
"3770","2551","83"
"3772","2782","94"
"3773","2096","94"
"3774","2201","94"
"3775","2931","1022"
"3776","2484","94"
"3778","2653","2"
"3779","868","5"
"3781","2115","68"
"3782","2855","1"
"3783","2919","1022"
"3784","2920","1022"
"3785","2143","5"
"3786","2143","1019"
"3787","2894","1022"
"3788","2099","83"
"3790","564","83"
"3791","565","83"
"3792","2854","83"
"3793","2645","94"
"3795","2097","83"
"3796","2427","83"
"3799","2688","83"
"3801","2803","1000"
"3802","2804","1000"
"3803","2936","94"
"3804","1574","5"
"3805","1573","5"
"3807","2631","83"
"3808","2264","68"
"3810","2819","94"
"3811","2820","94"
"3812","2821","94"
"3813","2822","94"
"3814","3009","1022"
"3815","3012","5"
"3816","3011","5"
"3817","1194","5"
"3818","2954","1000"
"3819","2953","1000"
"3820","2952","1000"
"3821","2745","1000"
"3822","2734","1000"
"3823","2735","1000"
"3824","1634","33"
"3825","2860","1019"
"3826","2861","1019"
"3827","2807","33"
"3828","2808","33"
"3829","2809","33"
"3830","1365","92"
"3831","2605","4"
"3832","2605","103"
"3836","2801","94"
"3837","2789","94"
"3838","2788","94"
"3839","2597","94"
"3841","2898","94"
"3842","2897","94"
"3843","2896","94"
"3845","2877","1000"
"3846","2544","2"
"3847","2308","94"
"3848","1679","83"
"3849","1697","83"
"3851","2068","94"
"3852","1788","1024"
"3853","2677","83"
"3854","2000","1"
"3855","2958","33"
"3856","2836","1000"
"3857","2766","83"
"3858","310","94"
"3859","2657","5"
"3861","2410","1000"
"3862","2409","94"
"3863","2400","94"
"3865","2691","33"
"3866","2778","1000"
"3867","2777","1000"
"3868","2183","83"
"3869","2846","83"
"3870","2393","83"
"3871","2948","94"
"3873","2602","33"
"3874","2845","93"
"3875","2845","1000"
"3877","2874","1022"
"3878","2876","1022"
"3879","2875","1022"
"3880","2624","78"
"3881","2623","78"
"3883","1211","5"
"3884","1213","4"
"3885","3010","83"
"3886","3074","26"
"3887","3075","26"
"3888","2909","83"
"3889","3076","4"
"3890","2294","83"
"3891","3016","1000"
"3892","1473","26"
"3893","1473","5"
"3894","1471","26"
"3895","1471","5"
"3896","1472","26"
"3897","1472","5"
"3900","2282","1019"
"3901","2285","1019"
"3902","2284","1019"
"3903","2283","1019"
"3904","2466","68"
"3906","2743","94"
"3907","3002","83"
"3908","2458","83"
"3911","2344","83"
"3912","2935","94"
"3914","2977","33"
"3915","2978","33"
"3916","2907","33"
"3917","2907","4"
"3918","2907","1024"
"3919","2983","94"
"3920","2982","94"
"3921","3058","94"
"3924","2561","1019"
"3925","2561","33"
"3926","2560","33"
"3927","2560","1019"
"3928","3029","1000"
"3929","3029","5"
"3930","2256","83"
"3931","3006","1000"
"3932","2978","1"
"3933","2977","1"
"3934","2733","5"
"3935","3081","1000"
"3936","3135","5"
"3937","3136","26"
"3938","3068","1000"
"3940","2844","1000"
"3941","2844","1024"
"3942","3143","114"
"3943","3142","114"
"3945","2890","83"
"3946","2962","83"
"3947","3144","93"
"3948","2527","94"
"3950","3007","1000"
"3954","3101","83"
"3955","3102","83"
"3956","3103","83"
"3957","2817","1000"
"3958","2815","94"
"3959","2816","94"
"3960","2865","94"
"3961","2652","68"
"3962","2738","4"
"3964","2753","4"
"3965","2719","68"
"3966","2720","68"
"3967","2863","5"
"3968","2918","94"
"3969","2833","1024"
"3970","2834","1024"
"3971","2872","94"
"3972","3022","94"
"3975","2250","83"
"3976","2917","94"
"3977","2921","83"
"3978","2955","1024"
"3979","2774","83"
"3980","2775","83"
"3981","2964","33"
"3982","2964","103"
"3984","3099","5"
"3985","2680","5"
"3986","2314","1000"
"3989","3092","103"
"3990","2950","1"
"3991","2396","83"
"3992","2976","94"
"3993","2867","5"
"3994","2866","83"
"3995","3155","4"
"3996","3055","26"
"3997","3163","5"
"3998","3164","5"
"4002","3174","1000"
"4003","3173","1000"
"4005","3127","94"
"4006","3040","1"
"4007","2355","33"
"4008","2633","94"
"4010","3169","94"
"4011","3170","94"
"4012","3148","83"
"4013","1261","33"
"4015","2790","4"
"4018","2751","83"
"4019","2752","83"
"4020","2794","94"
"4021","2795","94"
"4022","2941","4"
"4023","2835","83"
"4024","3064","94"
"4025","688","1024"
"4026","688","1019"
"4027","3100","5"
"4029","3037","94"
"4031","3188","83"
"4034","2238","94"
"4035","2695","83"
"4036","3046","1"
"4037","3045","1"
"4038","3047","1"
"4039","3025","94"
"4040","3122","3"
"4041","3123","3"
"4042","3172","1000"
"4043","3172","103"
"4044","3257","4"
"4045","2989","83"
"4046","2988","83"
"4048","2714","4"
"4049","2714","1"
"4050","2830","94"
"4051","3088","5"
"4052","3089","5"
"4053","2291","1000"
"4054","2682","83"
"4056","3154","94"
"4057","2981","5"
"4062","2337","94"
"4063","3080","94"
"4064","2780","94"
"4065","3286","1033"
"4066","3134","83"
"4067","3182","1000"
"4068","3182","1033"
"4069","3180","1000"
"4071","3181","1000"
"4073","3287","1"
"4074","3208","5"
"4075","3185","5"
"4076","3184","5"
"4077","3184","1000"
"4078","3185","1000"
"4079","2891","94"
"4086","3093","1033"
"4087","3093","103"
"4088","2949","1"
"4089","2817","114"
"4090","3199","1000"
"4091","3199","103"
"4092","3237","83"
"4097","3200","1000"
"4098","3200","103"
"4099","1740","1000"
"4100","3177","1000"
"4101","3066","1000"
"4102","3066","5"
"4103","3246","4"
"4104","2654","33"
"4105","3026","83"
"4106","3240","83"
"4107","3242","83"
"4108","3241","83"
"4109","3305","4"
"4113","2091","94"
"4116","2083","68"
"4117","2619","83"
"4120","2951","83"
"4121","2961","94"
"4123","2550","5"
"4124","3157","83"
"4125","2550","68"
"4126","3315","1024"
"4127","3316","1024"
"4128","3318","1024"
"4129","3317","1024"
"4131","3321","114"
"4132","2733","1011"
"4133","3106","1033"
"4135","3166","5"
"4136","3167","5"
"4137","2511","83"
"4138","3280","1004"
"4139","3130","83"
"4140","3132","83"
"4142","3039","94"
"4143","2880","94"
"4145","1005","2"
"4146","2842","33"
"4147","3024","94"
"4149","2441","83"
"4150","2930","94"
"4151","2870","94"
"4152","2892","94"
"4153","2980","4"
"4154","2841","94"
"4155","2840","94"
"4156","3090","83"
"4157","3077","94"
"4158","1797","94"
"4159","2904","109"
"4160","2908","109"
"4161","2165","94"
"4162","2793","103"
"4163","2386","94"
"4165","2924","26"
"4166","3078","1"
"4168","3221","94"
"4169","2960","94"
"4170","2070","94"
"4171","3073","1000"
"4172","3063","1000"
"4173","3014","83"
"4174","3201","83"
"4175","3202","83"
"4177","3181","1033"
"4178","3180","1033"
"4183","2265","103"
"4184","1915","94"
"4186","2957","83"
"4187","2354","94"
"4189","2700","94"
"4190","3036","5"
"4191","3220","94"
"4192","2456","5"
"4193","3124","4"
"4194","3125","2"
"4195","3125","4"
"4196","3124","2"
"4197","2943","5"
"4202","2986","83"
"4203","2987","83"
"4204","3279","4"
"4205","2431","33"
"4206","2431","1024"
"4207","3277","94"
"4208","3278","94"
"4209","3053","94"
"4210","3120","94"
"4211","3121","94"
"4212","3303","5"
"4221","3440","114"
"4222","3276","4"
"4223","3275","4"
"4224","3207","83"
"4227","3470","5"
"4228","3212","4"
"4229","3212","1000"
"4230","3139","1026"
"4231","2007","83"
"4232","2005","83"
"4233","2006","83"
"4235","3488","4"
"4238","3224","1033"
"4239","3290","94"
"4240","3168","5"
"4241","3156","33"
"4242","3158","33"
"4243","3421","94"
"4244","3015","94"
"4245","3331","1049"
"4246","3332","1049"
"4247","3254","1033"
"4248","3255","1033"
"4249","3368","1049"
"4250","3369","1049"
"4251","2718","5"
"4252","3292","1049"
"4253","2713","1"
"4254","2713","4"
"4255","3291","4"
"4256","2228","83"
"4258","3308","83"
"4261","3489","94"
"4268","2979","103"
"4269","2754","1000"
"4271","2756","1000"
"4273","2757","1000"
"4275","2974","83"
"4278","3363","103"
"4284","3268","1049"
"4286","2531","1049"
"4287","3198","1049"
"4290","3085","1000"
"4291","3083","1000"
"4292","3084","1000"
"4293","3087","83"
"4295","1980","83"
"4299","3323","1049"
"4300","3322","1049"
"4304","3189","103"
"4306","3072","1033"
"4307","3071","1033"
"4309","3196","94"
"4310","3256","1049"
"4311","3235","83"
"4312","3236","83"
"4313","2158","1"
"4314","3244","94"
"4315","3243","94"
"4316","2933","83"
"4317","2932","83"
"4318","3261","83"
"4319","3334","94"
"4321","3415","1000"
"4323","3338","1020"
"4324","3071","1000"
"4325","2934","1049"
"4327","2914","33"
"4328","2915","33"
"4329","2797","83"
"4334","3456","1049"
"4335","3457","1049"
"4336","3281","1049"
"4339","3232","1036"
"4341","3509","1036"
"4343","3320","2"
"4344","3432","1049"
"4345","3453","1036"
"4347","3506","1036"
"4348","3508","1036"
"4349","3507","1036"
"4350","3609","5"
"4354","3343","94"
"4355","3566","1057"
"4356","3567","1057"
"4357","3311","103"
"4358","3252","94"
"4359","3253","94"
"4361","3324","1049"
"4362","3534","1000"
"4363","3533","1000"
"4364","3312","1062"
"4365","3382","1062"
"4366","3414","1062"
"4367","3105","1062"
"4368","3405","1063"
"4369","3406","1063"
"4370","3407","1063"
"4371","3395","1062"
"4372","2791","33"
"4375","3504","1033"
"4376","3211","1036"
"4377","2864","83"
"4378","3133","1036"
"4380","3398","103"
"4381","3399","103"
"4382","3214","103"
"4383","3627","83"
"4384","3373","94"
"4385","3336","83"
"4386","3337","83"
"4387","3404","1064"
"4388","3404","1"
"4389","3266","94"
"4390","3265","94"
"4391","3344","94"
"4392","3000","94"
"4394","3160","5"
"4395","3159","5"
"4396","3479","1057"
"4397","3370","1049"
"4398","3409","1000"
"4399","3137","1"
"4400","2913","83"
"4401","3393","83"
"4402","3393","1049"
"4403","3375","1000"
"4404","3376","1000"
"4405","3033","94"
"4407","3297","1073"
"4408","3677","4"
"4409","3376","110"
"4410","3375","106"
"4413","3573","1057"
"4414","3062","1049"
"4415","2606","83"
"4416","2609","83"
"4417","3462","103"
"4419","3131","94"
"4421","3347","94"
"4422","2534","83"
"4423","2535","83"
"4424","3320","1036"
"4425","3463","83"
"4427","3485","94"
"4428","3325","1049"
"4429","2533","1049"
"4430","2532","83"
"4433","3442","83"
"4435","2497","83"
"4436","2832","5"
"4437","3722","1057"
"4438","3723","1057"
"4441","3060","94"
"4443","3298","83"
"4444","3616","83"
"4445","3587","83"
"4446","3586","83"
"4447","3727","93"
"4449","3161","1020"
"4451","3113","1049"
"4452","3112","83"
"4453","3114","1049"
"4454","3115","1049"
"4455","3444","83"
"4456","2618","83"
"4457","3536","94"
"4458","3258","94"
"4459","3735","1033"
"4460","3734","94"
"4461","3505","1033"
"4462","3422","94"
"4463","3423","94"
"4464","3424","94"
"4465","3563","1"
"4466","3471","1049"
"4467","3052","94"
"4468","3359","1000"
"4469","3672","94"
"4470","3671","94"
"4471","3610","1000"
"4473","3549","94"
"4474","3548","94"
"4475","2358","1033"
"4476","3595","83"
"4477","3500","1057"
"4480","3537","1033"
"4481","3775","94"
"4482","3776","1036"
"4483","3380","94"
"4484","3751","94"
"4486","2991","83"
"4487","3784","5"
"4488","2800","68"
"4489","3483","94"
"4492","3428","83"
"4493","3057","83"
"4494","3771","94"
"4497","3678","1"
"4498","3293","94"
"4499","3294","1020"
"4501","3519","1036"
"4502","3520","1036"
"4504","3352","83"
"4505","3517","90"
"4506","3118","1000"
"4507","3464","1"
"4508","3531","33"
"4509","3531","1036"
"4510","3213","1000"
"4511","3416","94"
"4512","3571","83"
"4513","3437","1020"
"4514","3436","1020"
"4517","3541","94"
"4519","3711","94"
"4520","3538","94"
"4521","2959","83"
"4522","3304","1036"
"4523","3304","1000"
"4524","2748","83"
"4525","2012","1026"
"4526","2012","68"
"4527","3578","4"
"4528","3578","1075"
"4529","3259","1049"
"4530","3044","68"
"4531","3662","1000"
"4532","3664","1000"
"4533","3661","1000"
"4534","3663","1000"
"4535","3707","83"
"4536","3708","83"
"4537","3482","83"
"4538","3705","1020"
"4540","3138","83"
"4541","2434","33"
"4542","2434","26"
"4543","3004","1049"
"4544","3005","83"
"4545","3417","83"
"4546","3358","94"
"4547","3042","68"
"4548","2906","33"
"4549","3611","1000"
"4550","2906","4"
"4551","3743","1000"
"4552","3742","1000"
"4553","3655","1087"
"4554","3837","94"
"4555","3840","94"
"4556","3455","1063"
"4557","2852","94"
"4559","3329","83"
"4561","3606","83"
"4563","3239","1062"
"4564","3552","26"
"4565","3617","26"
"4566","3619","26"
"4570","3502","90"
"4571","2012","1075"
"4573","3629","1000"
"4574","3435","1080"
"4575","3746","1087"
"4576","3756","1087"
"4577","3810","1049"
"4578","3175","83"
"4579","3526","94"
"4580","3525","94"
"4581","3830","1049"
"4582","3630","26"
"4583","3758","1049"
"4584","3808","26"
"4585","3809","26"
"4586","3145","33"
"4589","3787","2"
"4590","3379","94"
"4591","3581","94"
"4594","3795","1080"
"4595","3832","26"
"4601","3583","94"
"4602","3584","94"
"4603","3733","1012"
"4604","3295","33"
"4605","3295","1065"
"4606","3295","1004"
"4607","3813","1049"
"4608","2910","86"
"4609","3786","94"
"4610","3815","94"
"4611","2612","94"
"4615","3342","83"
"4616","3656","1000"
"4617","3657","1000"
"4618","3831","1000"
"4621","1234","83"
"4624","3842","4"
"4626","3299","83"
"4627","3301","83"
"4629","3838","83"
"4633","3617","1"
"4634","3619","1"
"4635","3233","33"
"4636","3773","1020"
"4639","3632","94"
"4640","3767","1000"
"4641","3104","83"
"4644","2916","83"
"4645","3547","83"
"4648","3704","1049"
"4649","3914","83"
"4650","3726","1"
"4653","3867","1085"
"4657","3791","1086"
"4658","3792","1086"
"4659","3800","83"
"4660","3674","94"
"4661","3673","94"
"4663","3999","94"
"4664","4000","94"
"4665","3582","94"
"4667","3946","1049"
"4668","2674","83"
"4669","2673","83"
"4673","3933","1049"
"4675","2519","1090"
"4676","3640","1087"
"4678","3764","83"
"4682","4016","94"
"4683","3529","94"
"4684","2673","2"
"4685","2674","2"
"4687","3745","1092"
"4688","2963","83"
"4689","3203","94"
"4692","3916","1057"
"4693","2838","1066"
"4699","3824","1086"
"4700","3915","1086"
"4702","3987","4"
"4703","3988","4"
"4704","4042","94"
"4707","2998","83"
"4708","2630","5"
"4709","2630","1092"
"4710","3684","2"
"4711","3683","2"
"4713","3924","26"
"4714","3706","1092"
"4715","3171","1092"
"4719","3930","1092"
"4721","3645","1092"
"4722","3116","1026"
"4723","3418","1000"
"4724","1824","83"
"4727","3995","4"
"4728","3843","83"
"4729","3796","83"
"4732","3650","94"
"4733","3651","94"
"4736","4012","1086"
"4737","4013","1086"
"4738","4048","83"
"4739","3694","1049"
"4743","3592","1080"
"4744","3248","94"
"4750","3388","1066"
"4751","3389","1066"
"4752","4099","26"
"4754","3714","94"
"4755","3715","94"
"4759","3893","83"
"4760","3894","83"
"4761","3898","83"
"4762","3900","83"
"4763","3740","1098"
"4764","3625","94"
"4765","3624","94"
"4767","4068","1103"
"4768","4069","1103"
"4769","1337","1092"
"4771","2859","94"
"4772","4017","83"
"4773","3903","33"
"4774","3971","33"
"4775","3907","83"
"4776","3884","1066"
"4777","3883","1066"
"4778","3936","1098"
"4779","4007","33"
"4781","4055","1103"
"4782","2984","83"
"4783","3600","33"
"4785","4054","1103"
"4786","3614","103"
"4787","3427","1020"
"4788","3501","90"
"4789","3626","1049"
"4790","3670","1090"
"4791","3450","1049"
"4792","3774","1020"
"4794","2911","1000"
"4797","3989","4"
"4798","3448","1057"
"4799","3929","1091"
"4800","3397","94"
"4801","3945","1066"
"4803","4070","1066"
"4804","4071","1066"
"4805","3731","1049"
"4806","3730","1049"
"4807","3151","83"
"4808","3648","1020"
"4810","3366","4"
"4811","3732","1066"
"4812","4087","83"
"4813","3990","83"
"4814","3710","1066"
"4815","4100","4"
"4816","3839","103"
"4817","3449","4"
"4818","2363","83"
"4821","3932","1092"
"4822","3941","1092"
"4823","4105","1103"
"4824","2647","83"
"4825","3712","1083"
"4826","3712","5"
"4827","3532","83"
"4830","4131","94"
"4831","3763","83"
"4832","3597","1049"
"4833","3937","83"
"4834","4139","94"
"4835","3689","1098"
"4836","3689","1000"
"4837","3948","1087"
"4838","3899","1"
"4839","3899","1114"
"4840","3901","1"
"4841","3901","1114"
"4842","3965","1049"
"4843","3964","1049"
"4844","3206","94"
"4845","3590","94"
"4846","4156","4"
"4847","3785","83"
"4848","3599","1"
"4849","3599","1000"
"4850","4062","1115"
"4853","3451","1098"
"4854","3366","1085"
"4855","3653","103"
"4856","3652","103"
"4858","3992","94"
"4859","2498","1066"
"4860","3296","1083"
"4861","3086","1"
"4862","4075","94"
"4863","3880","1116"
"4864","4136","1117"
"4865","4028","1098"
"4866","4214","4"
"4871","3204","1057"
"4873","1557","1026"
"4874","3897","1117"
"4875","3896","1117"
"4877","3679","68"
"4878","3680","68"
"4879","2616","1026"
"4880","2616","68"
"4881","2928","83"
"4882","4176","1057"
"4883","4177","1036"
"4884","3591","83"
"4885","4192","1049"
"4887","3227","83"
"4888","3754","33"
"4889","4195","1049"
"4890","3834","94"
"4892","4043","1049"
"4894","2587","83"
"4895","4134","1049"
"4896","3696","4"
"4897","4008","94"
"4899","3452","1098"
"4900","3647","2"
"4901","3647","33"
"4902","3885","94"
"4903","4223","94"
"4904","4135","1049"
"4905","4142","83"
"4906","4027","1098"
"4907","4026","1098"
"4908","3701","94"
"4909","3700","94"
"4910","4224","94"
"4911","3633","83"
"4912","3866","83"
"4913","3327","103"
"4914","4092","1"
"4915","4093","1"
"4916","4091","1"
"4917","4155","4"
"4918","4037","103"
"4919","3162","1087"
"4920","3162","1026"
"4921","3579","1026"
"4922","1557","1103"
"4923","2630","1026"
"4925","3770","1000"
"4927","4010","1026"
"4928","4010","78"
"4929","4132","1115"
"4930","4132","1117"
"4931","3935","1123"
"4932","4052","83"
"4933","3934","83"
"4935","3865","33"
"4936","3865","2"
"4937","550","94"
"4938","3604","1123"
"4939","3895","1117"
"4940","2227","94"
"4944","3951","83"
"4945","3356","1106"
"4946","3942","1"
"4948","3857","33"
"4949","3943","1"
"4950","3881","83"
"4951","3882","83"
"4952","4208","1033"
"4953","4209","1033"
"4954","4128","1122"
"4959","3780","1115"
"4961","3902","83"
"4964","2785","1026"
"4965","2785","1000"
"4969","4045","94"
"4970","4161","1123"
"4971","4084","94"
"4972","4210","1132"
"4973","4196","2"
"4974","4196","1000"
"4975","4073","4"
"4976","3781","1115"
"4979","3665","1123"
"4980","4076","83"
"4982","2663","83"
"4983","3289","83"
"4984","3871","1049"
"4985","3872","1049"
"4986","3561","1115"
"4987","3561","33"
"4988","3562","1123"
"4989","3562","33"
"4990","2655","1132"
"4991","3481","83"
"4994","4179","1049"
"4996","4236","1115"
"4997","4237","1115"
"4998","3234","33"
"4999","4280","94"
"5000","4281","94"
"5001","3383","1000"
"5002","4354","4"
"5003","4159","1127"
"5004","4352","83"
"5005","4353","83"
"5006","3516","33"
"5007","4238","1125"
"5008","3926","1085"
"5009","3927","1049"
"5010","4253","1138"
"5012","4212","1138"
"5015","3827","83"
"5016","3641","83"
"5017","4260","1066"
"5018","4282","94"
"5019","3465","83"
"5021","3340","94"
"5022","3739","33"
"5023","3981","1000"
"5024","3981","1110"
"5025","3978","1000"
"5026","3978","1110"
"5027","3980","1000"
"5028","3980","1110"
"5029","3979","1000"
"5030","3979","1143"
"5032","3391","83"
"5033","3738","33"
"5034","4115","94"
"5035","3812","1049"
"5038","3833","83"
"5039","4074","94"
"5040","3920","83"
"5041","3216","83"
"5042","3215","83"
"5046","4334","1000"
"5047","4333","1000"
"5049","4220","4"
"5051","4151","1049"
"5054","2812","1049"
"5056","4154","1000"
"5057","4147","1122"
"5058","4145","1122"
"5059","4146","1122"
"5060","4362","94"
"5061","4361","94"
"5065","1803","1103"
"5066","4267","103"
"5068","4133","1123"
"5070","4133","33"
"5076","3476","83"
"5079","3905","1123"
"5081","3588","94"
"5085","3441","1066"
"5086","4381","4"
"5088","3355","94"
"5090","3402","1137"
"5091","3750","94"
"5092","3749","94"
"5095","3330","33"
"5096","3191","94"
"5097","3847","94"
"5098","3849","1049"
"5100","2873","94"
"5101","3878","94"
"5102","3515","83"
"5103","3836","4"
"5104","4130","4"
"5105","4200","94"
"5106","3976","94"
"5108","3765","4"
"5109","4194","1132"
"5110","4343","1143"
"5111","2555","1049"
"5112","3682","4"
"5117","3494","94"
"5119","4078","94"
"5120","4044","33"
"5121","4018","94"
"5123","4014","94"
"5124","4020","94"
"5125","4015","94"
"5126","3692","94"
"5127","3560","4"
"5128","3510","83"
"5129","3496","94"
"5130","3497","94"
"5131","3065","94"
"5132","3921","94"
"5133","3974","94"
"5134","4211","94"
"5135","4191","4"
"5136","3848","1049"
"5138","4277","1000"
"5139","3960","1012"
"5140","3394","68"
"5142","4162","1139"
"5148","2655","2"
"5149","4121","83"
"5152","3091","1138"
"5153","4312","33"
"5155","4301","83"
"5156","4294","83"
"5158","3703","68"
"5160","4257","33"
"5161","4259","33"
"5169","4030","90"
"5170","4351","1049"
"5171","3401","94"
"5172","2077","83"
"5173","4180","83"
"5174","4150","83"
"5175","4218","83"
"5176","4219","83"
"5177","3826","83"
"5178","3923","1066"
"5179","4039","83"
"5180","3447","1049"
"5181","3446","1049"
"5182","4414","83"
"5184","4097","1143"
"5185","4506","1103"
"5189","3612","1049"
"5193","3841","94"
"5194","4276","1138"
"5195","4275","1026"
"5196","4275","1138"
"5197","4276","1026"
"5198","4255","103"
"5199","4256","103"
"5200","2555","1026"
"5201","4243","1150"
"5202","4418","1150"
"5203","4295","83"
"5208","4061","4"
"5209","3367","4"
"5210","3467","4"
"5211","4467","4"
"5212","3468","4"
"5213","4489","4"
"5214","3958","83"
"5215","3957","83"
"5220","3908","1145"
"5221","3908","1"
"5222","4112","1145"
"5224","4364","2"
"5225","4157","33"
"5228","4112","33"
"5229","4502","1151"
"5231","4457","1148"
"5232","4001","1049"
"5234","4111","90"
"5235","3906","83"
"5236","3821","83"
"5237","3918","83"
"5239","4302","1143"
"5241","3912","1049"
"5244","4526","94"
"5245","4475","94"
"5246","4474","94"
"5247","4167","2"
"5248","4537","4"
"5249","4335","90"
"5250","4335","103"
"5253","4476","4"
"5254","4320","94"
"5255","4321","94"
"5256","4322","94"
"5257","4546","4"
"5258","4358","33"
"5260","4515","94"
"5262","4153","1151"
"5263","3263","4"
"5264","3997","4"
"5265","4338","1151"
"5267","3844","33"
"5269","4162","86"
"5270","4446","1151"
"5272","4050","1138"
"5273","4383","4"
"5275","3518","1049"
"5279","4205","94"
"5280","4460","1148"
"5282","4585","4"
"5285","4597","4"
"5286","3117","83"
"5289","3431","1138"
"5290","3431","86"
"5291","3431","1026"
"5292","4458","94"
"5293","4604","4"
"5295","4605","4"
"5296","4341","1158"
"5297","4459","1158"
"5299","4462","94"
"5300","4278","94"
"5301","4279","94"
"5302","2436","4"
"5303","4366","4"
"5304","4365","4"
"5305","4317","83"
"5306","4363","4"
"5307","4451","83"
"5308","4452","83"
"5309","4453","83"
"5310","3698","83"
"5311","3699","83"
"5314","3503","83"
"5315","3429","1138"
"5316","3429","1026"
"5317","3429","86"
"5318","3430","86"
"5319","3430","1026"
"5320","3430","1138"
"5326","4419","83"
"5327","4420","83"
"5328","4421","83"
"5329","4088","1049"
"5332","4434","1000"
"5333","4435","1000"
"5340","3262","94"
"5341","4217","83"
"5342","4216","83"
"5345","3546","94"
"5352","3484","1049"
"5353","4262","83"
"5354","2345","1000"
"5355","4580","1000"
"5356","4581","1000"
"5357","2100","83"
"5358","4385","1000"
"5362","1757","2"
"5363","4083","1049"
"5364","2196","83"
"5365","3752","83"
"5366","3445","1049"
"5369","4487","1049"
"5372","2026","1049"
"5374","4666","83"
"5377","4249","1148"
"5378","3310","94"
"5379","4183","1123"
"5380","4183","1116"
"5387","4169","1151"
"5388","4651","1161"
"5389","4271","1049"
"5390","4675","103"
"5391","4676","103"
"5392","4344","1"
"5395","4628","1049"
"5396","4610","83"
"5398","3772","83"
"5403","3690","109"
"5404","3691","109"
"5405","3688","109"
"5406","4403","1049"
"5408","4543","4"
"5411","4465","1049"
"5412","4316","1000"
"5413","4319","1000"
"5414","4400","1049"
"5415","4401","1049"
"5418","4645","94"
"5419","4591","94"
"5420","2553","83"
"5422","4185","1"
"5426","4621","1162"
"5427","4622","1161"
"5428","4657","94"
"5429","4449","83"
"5430","3307","1026"
"5432","3307","1170"
"5433","3687","83"
"5434","4479","1049"
"5435","4283","83"
"5436","4483","4"
"5437","4527","83"
"5439","3959","94"
"5441","4270","83"
"5442","4464","83"
"5444","4473","4"
"5445","4556","83"
"5446","4557","83"
"5447","4367","83"
"5448","4408","1049"
"5449","4407","1049"
"5451","4242","4"
"5452","4299","4"
"5453","4300","4"
"5454","4173","4"
"5455","4201","4"
"5456","4266","4"
"5457","4533","4"
"5458","4047","4"
"5459","4178","94"
"5460","4442","4"
"5461","4524","4"
"5462","4284","94"
"5463","3585","1148"
"5464","4182","1123"
"5465","4182","1116"
"5466","4313","4"
"5467","4315","4"
"5468","4314","4"
"5470","4268","1151"
"5471","4269","1151"
"5472","4627","94"
"5474","4607","1000"
"5475","4644","1000"
"5476","4608","1000"
"5477","4523","103"
"5478","4550","94"
"5480","4619","1170"
"5481","2938","1158"
"5482","4577","94"
"5483","4706","1170"
"5484","4477","4"
"5485","4221","1159"
"5486","4625","1000"
"5487","4624","1000"
"5488","4501","94"
"5489","4673","103"
"5490","4674","103"
"5491","4572","94"
"5493","4756","83"
"5494","3420","94"
"5495","4680","1170"
"5496","4724","83"
"5497","4570","94"
"5498","4684","4"
"5499","4746","94"
"5500","3288","83"
"5501","4623","33"
"5502","4448","1049"
"5503","4447","1049"
"5505","4172","1049"
"5508","4481","2"
"5509","4742","1170"
"5510","4741","1170"
"5513","4373","83"
"5514","4805","1159"
"5515","4805","1168"
"5520","4636","94"
"5521","4648","33"
"5522","4649","33"
"5523","3728","1170"
"5525","4186","94"
"5526","4187","94"
"5527","4776","1049"
"5530","4508","1000"
"5531","3419","1000"
"5533","4829","4"
"5534","4831","4"
"5535","3550","94"
"5536","4832","4"
"5537","4833","4"
"5538","4198","4"
"5539","4199","4"
"5540","4197","4"
"5542","4664","83"
"5543","4688","94"
"5545","4245","83"
"5546","4635","83"
"5547","4654","83"
"5550","3805","1049"
"5551","3806","83"
"5552","4436","4"
"5553","4838","4"
"5554","4324","4"
"5555","4525","103"
"5556","4495","94"
"5557","4612","83"
"5558","4606","94"
"5559","4306","94"
"5561","4567","1049"
"5562","4323","4"
"5563","4723","4"
"5564","4820","103"
"5565","3985","1170"
"5567","4036","33"
"5568","4514","1000"
"5569","4514","1168"
"5570","4784","1176"
"5572","4782","1176"
"5573","4109","1171"
"5574","4109","33"
"5575","4638","83"
"5576","4639","83"
"5577","4842","4"
"5578","4497","1000"
"5580","4840","1176"
"5581","4399","83"
"5582","4571","94"
"5583","4171","1049"
"5584","4170","1049"
"5585","4593","1049"
"5586","3816","94"
"5587","4719","4"
"5590","4576","2"
"5591","4576","1170"
"5592","4629","1049"
"5593","4647","83"
"5594","4646","1000"
"5597","3985","1026"
"5598","4274","1000"
"5602","4736","1170"
"5603","4737","1170"
"5604","4726","1176"
"5605","3140","1026"
"5607","4786","1174"
"5609","4488","1170"
"5611","4850","83"
"5612","4325","1000"
"5613","4478","94"
"5615","4652","83"
"5617","4544","1049"
"5619","4531","1000"
"5620","4735","4"
"5621","3961","83"
"5622","4827","1000"
"5623","4456","1151"
"5624","4513","83"
"5625","4463","83"
"5626","4573","83"
"5627","4480","83"
"5628","4254","83"
"5631","4707","4"
"5632","4095","83"
"5634","4382","94"
"5640","4722","1049"
"5641","4713","1174"
"5642","4714","1174"
"5643","3059","4"
"5644","3183","94"
"5645","4760","94"
"5647","4848","103"
"5648","4655","83"
"5649","4584","83"
"5650","4596","94"
"5651","4632","94"
"5655","4944","4"
"5657","4943","4"
"5658","4945","4"
"5659","4693","1174"
"5660","4694","1174"
"5661","4696","1174"
"5662","4695","1174"
"5664","4231","83"
"5665","4835","1"
"5666","4716","1170"
"5667","4856","4"
"5669","4496","4"
"5670","4720","83"
"5671","4768","83"
"5672","4392","83"
"5673","3413","94"
"5674","4698","1000"
"5677","3823","83"
"5678","4509","1000"
"5679","4511","1000"
"5680","4510","1000"
"5683","4389","83"
"5684","4390","83"
"5685","4551","83"
"5690","4536","1049"
"5691","4751","94"
"5692","4828","94"
"5693","4994","1049"
"5694","4971","1049"
"5695","4993","1049"
"5696","4878","94"
"5697","4879","94"
"5698","4881","94"
"5699","4880","94"
"5702","4816","83"
"5703","4728","1170"
"5704","4729","100"
"5705","4615","1174"
"5707","4658","1049"
"5709","3556","94"
"5710","3545","1049"
"5711","4669","94"
"5712","4562","1049"
"5713","4563","94"
"5714","4759","1174"
"5716","4930","1182"
"5718","4750","94"
"5719","3962","83"
"5721","4328","94"
"5722","4679","94"
"5723","4703","4"
"5724","4704","4"
"5725","4774","94"
"5727","4552","1026"
"5728","4141","94"
"5729","3326","1049"
"5730","4968","94"
"5731","4967","94"
"5734","4789","4"
"5736","4227","83"
"5737","4689","83"
"5738","4912","4"
"5739","4883","1176"
"5740","4882","1176"
"5741","4072","83"
"5742","4921","4"
"5743","4640","1049"
"5744","4641","1049"
"5745","4538","33"
"5746","4482","1182"
"5747","4368","1049"
"5748","4710","4"
"5749","4867","83"
"5750","4712","4"
"5751","4711","4"
"5753","4841","94"
"5754","4356","1170"
"5755","4033","94"
"5756","4032","94"
"5757","4031","94"
"5758","4137","83"
"5759","4184","83"
"5760","4857","103"
"5761","4849","103"
"5763","4864","1000"
"5764","4865","1000"
"5765","4767","4"
"5768","4665","94"
"5769","4913","94"
"5770","5005","1049"
"5771","5060","94"
"5772","4873","94"
"5774","4240","1020"
"5775","4241","1020"
"5776","4239","1020"
"5777","4869","1188"
"5779","4911","1188"
"5781","4230","1174"
"5782","4402","1174"
"5783","4738","83"
"5784","4748","94"
"5785","4749","94"
"5786","5116","1049"
"5787","5115","1049"
"5789","4797","94"
"5790","4583","83"
"5791","4918","90"
"5795","4369","1049"
"5796","4947","4"
"5797","4946","4"
"5798","4779","1049"
"5799","3996","1049"
"5800","4974","83"
"5801","4972","83"
"5802","4973","83"
"5803","4006","83"
"5805","2975","83"
"5807","3433","1182"
"5808","3433","33"
"5809","4595","83"
"5810","4960","1000"
"5811","4961","1000"
"5813","4778","94"
"5814","4788","94"
"5815","4787","94"
"5816","1638","1173"
"5817","1638","1026"
"5818","4956","103"
"5819","4486","1049"
"5820","4747","4"
"5821","4954","103"
"5822","3986","83"
"5825","5189","1049"
"5826","5190","1049"
"5827","4887","4"
"5828","4637","83"
"5829","5100","1186"
"5830","5101","1186"
"5831","4732","103"
"5832","5108","94"
"5833","5113","1194"
"5834","5112","1194"
"5835","4743","1049"
"5836","2825","1049"
"5837","5064","4"
"5839","4371","83"
"5840","4372","83"
"5842","5051","103"
"5843","5062","4"
"5844","5020","90"
"5845","5021","90"
"5846","4637","1026"
"5847","4110","1049"
"5848","3986","1026"
"5849","4798","94"
"5850","4900","4"
"5851","4783","1049"
"5855","4594","1000"
"5856","4705","1194"
"5858","5156","103"
"5861","5230","1066"
"5862","4586","1020"
"5863","4933","4"
"5864","5123","94"
"5865","4667","1049"
"5866","4888","1185"
"5869","4825","1020"
"5871","5114","94"
"5872","5158","4"
"5873","4485","94"
"5874","4744","1049"
"5875","4977","83"
"5876","4745","1049"
"5877","4682","1049"
"5878","4683","1049"
"5879","4415","1186"
"5880","4415","1193"
"5884","5024","1049"
"5885","5025","1049"
"5886","4717","83"
"5887","5206","103"
"5888","4901","1000"
"5889","5147","83"
"5890","5049","1186"
"5891","5050","1186"
"5894","5045","83"
"5895","5044","83"
"5896","5212","103"
"5898","5072","4"
"5899","5070","4"
"5900","5263","1000"
"5901","5136","1000"
"5903","5179","83"
"5904","5180","83"
"5905","3598","83"
"5908","4836","94"
"5911","4730","4"
"5912","4731","4"
"5913","4953","103"
"5914","4342","83"
"5915","5255","83"
"5917","5254","1049"
"5918","5227","83"
"5919","5059","83"
"5921","4388","83"
"5922","4387","83"
"5923","4962","1000"
"5924","5082","1049"
"5925","5081","1049"
"5926","4758","1186"
"5927","5092","1186"
"5929","5091","1186"
"5933","3994","83"
"5934","5120","1020"
"5935","5225","94"
"5937","5308","94"
"5938","4874","1183"
"5939","4874","2"
"5941","5165","4"
"5942","5164","4"
"5943","5337","4"
"5946","4905","1020"
"5947","4906","1020"
"5948","5063","94"
"5949","3822","83"
"5950","4346","94"
"5951","4347","94"
"5952","5006","1049"
"5953","4910","83"
"5954","5130","26"
"5955","5131","26"
"5956","4863","94"
"5957","4821","83"
"5958","5315","94"
"5959","5205","103"
"5960","4491","1170"
"5961","4491","33"
"5965","4915","1202"
"5966","5292","1203"
"5967","5291","1203"
"5968","3038","83"
"5970","5137","83"
"5971","5139","83"
"5972","5053","1194"
"5973","4799","83"
"5974","5247","1049"
"5975","5248","1049"
"5980","4803","94"
"5981","4804","94"
"5982","4801","94"
"5983","4802","94"
"5984","4847","1049"
"5985","4843","83"
"5987","4851","4"
"5988","5009","83"
"5989","5010","83"
"5992","3300","1026"
"5993","3300","1186"
"5994","5018","4"
"5995","5019","4"
"5996","5160","103"
"5997","5159","103"
"5998","5167","1"
"5999","5037","1020"
"6000","5231","1000"
"6001","5232","1000"
"6002","5261","94"
"6003","5354","103"
"6004","4617","83"
"6005","5320","4"
"6006","4876","1"
"6007","4875","1"
"6008","4417","68"
"6009","4416","68"
"6010","4895","103"
"6011","4662","86"
"6012","4662","33"
"6013","5262","1000"
"6014","5268","1203"
"6015","5269","1203"
"6016","5229","1049"
"6017","5148","1049"
"6018","5392","83"
"6019","5121","90"
"6020","4697","83"
"6021","5258","1000"
"6022","5319","1199"
"6023","5176","33"
"6024","4535","83"
"6026","5171","1195"
"6027","5172","1195"
"6028","5373","1049"
"6029","5374","94"
"6030","4807","83"
"6031","4808","83"
"6032","5154","94"
"6034","4340","94"
"6035","4990","83"
"6036","4540","1202"
"6037","4862","94"
"6038","5203","94"
"6039","5204","94"
"6040","3527","83"
"6041","5273","4"
"6042","5274","4"
"6043","3466","94"
"6044","4733","1186"
"6045","5166","1000"
"6047","4304","1049"
"6049","4107","1174"
"6050","4771","83"
"6051","4770","83"
"6052","5032","1198"
"6053","5031","1198"
"6054","4931","2"
"6055","4931","1000"
"6056","4872","83"
"6057","4516","1000"
"6058","4517","1000"
"6059","4670","83"
"6060","5282","1202"
"6061","5282","103"
"6062","5283","103"
"6063","5283","1202"
"6064","4925","1186"
"6065","5210","94"
"6066","4997","1049"
"6067","4996","1049"
"6068","4995","1049"
"6069","4998","83"
"6074","4327","1191"
"6075","5011","1049"
"6076","4810","4"
"6077","4809","4"
"6078","4520","4"
"6079","4521","4"
"6080","5183","4"
"6081","4837","4"
"6083","4957","83"
"6084","5257","1049"
"6085","5284","1049"
"6086","4980","103"
"6089","5068","94"
"6090","5069","94"
"6091","4852","83"
"6092","4853","83"
"6093","2944","94"
"6094","3348","94"
"6095","3887","94"
"6096","4411","83"
"6097","4412","83"
"6098","4555","83"
"6099","4566","103"
"6100","4663","83"
"6101","4762","94"
"6102","4871","94"
"6103","4898","1049"
"6104","4919","83"
"6105","4923","83"
"6106","4924","83"
"6107","4940","94"
"6108","4942","94"
"6109","4941","94"
"6110","5003","4"
"6111","5194","94"
"6112","5195","83"
"6115","5027","1000"
"6116","5028","1000"
"6117","4096","83"
"6120","4120","83"
"6121","5253","83"
"6122","5378","1049"
"6125","5055","33"
"6126","5054","33"
"6127","5340","83"
"6128","5341","83"
"6129","4096","1026"
"6130","5396","83"
"6131","4569","4"
"6133","5303","94"
"6134","4678","94"
"6135","5363","90"
"6136","5362","90"
"6138","5349","94"
"6141","5029","68"
"6142","5017","68"
"6145","4982","1000"
"6146","3521","83"
"6147","5372","1208"
"6148","5371","1208"
"6149","5027","90"
"6150","5028","90"
"6151","5362","1020"
"6152","5363","1020"
"6153","5199","94"
"6154","5324","4"
"6155","5325","4"
"6156","5286","1000"
"6157","5285","1000"
"6159","5377","1186"
"6160","5377","4"
"6161","5376","1186"
"6162","5376","4"
"6163","5375","1186"
"6164","5375","4"
"6165","4989","83"
"6167","5153","4"
"6168","5151","4"
"6169","5152","4"
"6170","5001","4"
"6171","5001","1202"
"6172","4866","4"
"6173","4866","1194"
"6174","5280","94"
"6175","5281","94"
"6176","5279","94"
"6177","4852","86"
"6178","5201","1066"
"6179","5201","103"
"6182","5173","86"
"6183","5175","86"
"6184","5174","86"
"6185","5174","33"
"6186","5175","33"
"6187","5173","33"
"6192","4653","68"
"6194","4668","83"
"6195","5207","94"
"6196","5208","94"
"6197","5409","1208"
"6198","5407","1208"
"6199","5408","1208"
"6200","3638","94"
"6201","5336","1208"
"6202","5333","1208"
"6203","4950","83"
"6204","4951","83"
"6206","3434","94"
"6207","4471","90"
"6208","4472","90"
"6209","5358","1066"
"6210","5438","1213"
"6212","4932","1049"
"6213","5267","94"
"6214","5048","94"
"6216","5298","1194"
"6221","5345","1049"
"6222","5369","83"
"6223","5368","83"
"6224","5489","4"
"6225","5198","1066"
"6226","5502","94"
"6227","5501","94"
"6228","5481","1208"
"6230","3794","1066"
"6231","5388","1049"
"6232","4952","1182"
"6233","4952","1213"
"6234","5461","1000"
"6235","5531","103"
"6236","5360","103"
"6237","4272","83"
"6238","5413","83"
"6240","5314","1049"
"6241","5511","83"
"6242","5490","103"
"6243","5491","103"
"6246","5309","83"
"6247","5516","94"
"6249","5436","4"
"6250","4860","1049"
"6251","4861","1049"
"6253","5487","83"
"6254","5550","103"
"6256","5181","1208"
"6257","5306","1049"
"6258","5307","1049"
"6259","4987","83"
"6260","4534","83"
"6264","5085","94"
"6265","5493","1066"
"6268","4969","33"
"6271","5382","1208"
"6272","5475","1213"
"6273","5475","1000"
"6274","5211","83"
"6275","4976","83"
"6276","5084","83"
"6277","5528","1066"
"6278","5527","1066"
"6279","4754","83"
"6280","4432","1066"
"6281","4470","1208"
"6282","4469","1208"
"6283","5161","83"
"6284","5420","83"
"6285","5061","94"
"6286","5479","1220"
"6287","4715","1213"
"6288","4904","83"
"6289","5582","4"
"6290","5581","4"
"6292","5529","1066"
"6293","5530","1066"
"6294","5643","1066"
"6295","5200","1049"
"6296","5583","83"
"6297","2837","83"
"6298","5523","94"
"6299","5524","94"
"6303","5509","94"
"6305","5434","83"
"6306","5492","1066"
"6309","4038","33"
"6310","4038","1026"
"6311","5361","94"
"6312","3523","1213"
"6313","5445","1226"
"6314","5445","1223"
"6317","5674","4"
"6318","5595","1223"
"6319","5595","90"
"6320","4934","1049"
"6321","5097","1066"
"6322","5111","1049"
"6323","5297","83"
"6324","5162","83"
"6325","5540","26"
"6326","5602","94"
"6327","5440","1049"
"6328","5504","1223"
"6329","5544","94"
"6330","4339","83"
"6331","4868","83"
"6332","5365","1066"
"6333","5364","1066"
"6334","5399","1049"
"6335","5563","1049"
"6336","5562","1049"
"6337","5236","94"
"6338","5635","4"
"6339","5435","1049"
"6340","5653","1049"
"6341","5410","1066"
"6342","5410","33"
"6343","5366","4"
"6344","5235","1000"
"6345","5234","1000"
"6346","5576","1223"
"6347","5638","4"
"6348","5332","1223"
"6349","5426","1049"
"6350","2559","94"
"6355","5086","1223"
"6356","5089","1223"
"6357","5095","1202"
"6358","5094","1202"
"6359","5090","1202"
"6360","4686","1174"
"6361","5429","1226"
"6362","5429","1213"
"6363","5429","4"
"6364","5427","1226"
"6365","5427","1213"
"6366","5427","4"
"6367","5428","1226"
"6368","5428","1213"
"6369","5428","4"
"6370","5662","103"
"6371","5662","4"
"6372","5623","1225"
"6373","5623","4"
"6377","5452","1213"
"6379","5637","1"
"6380","5578","1213"
"6381","5579","1213"
"6382","5197","94"
"6383","5016","1213"
"6384","5597","1226"
"6385","5299","94"
"6386","5521","1020"
"6387","5522","1020"
"6388","4859","1049"
"6389","5556","103"
"6391","5765","1066"
"6392","5574","4"
"6393","4439","4"
"6394","4440","4"
"6395","5600","1049"
"6396","5381","1213"
"6397","5636","1226"
"6398","3747","3"
"6399","3748","3"
"6400","5603","1049"
"6401","5604","83"
"6402","5419","83"
"6403","5418","83"
"6404","5056","83"
"6405","5276","94"
"6406","5015","4"
"6407","4999","1172"
"6408","5757","94"
"6409","5594","94"
"6410","5135","94"
"6411","5134","94"
"6412","5421","94"
"6413","5422","94"
"6414","4822","1000"
"6416","5515","1020"
"6418","5631","33"
"6419","5633","33"
"6420","5632","33"
"6421","5224","83"
"6422","5412","83"
"6423","5663","1000"
"6424","5601","83"
"6425","5389","94"
"6426","5613","83"
"6427","5244","4"
"6433","5650","1066"
"6434","5651","1066"
"6435","5652","1066"
"6436","5655","103"
"6437","5656","103"
"6439","4578","2"
"6440","5811","4"
"6442","5668","4"
"6452","5104","83"
"6453","3524","1226"
"6454","5302","1049"
"6455","5503","94"
"6456","5593","1000"
"6457","5592","1000"
"6458","5709","1174"
"6459","5411","1049"
"6461","5580","83"
"6462","4377","94"
"6463","5590","94"
"6464","5591","94"
"6465","3186","1000"
"6466","5795","103"
"6467","5746","94"
"6468","4613","1049"
"6470","5296","1000"
"6471","5296","1202"
"6472","5296","1223"
"6473","5608","1223"
"6474","5608","1225"
"6476","5270","1049"
"6477","5271","1049"
"6478","5202","2"
"6479","5335","1"
"6480","5575","1000"
"6481","5575","4"
"6482","5561","4"
"6483","5561","1000"
"6484","5034","4"
"6485","5617","94"
"6487","5625","94"
"6489","5664","1229"
"6490","5837","103"
"6491","5837","4"
"6492","5773","1020"
"6494","4907","1"
"6495","4907","4"
"6496","5629","1000"
"6497","5629","4"
"6498","5610","83"
"6499","5850","1236"
"6500","5850","4"
"6501","5808","1066"
"6502","4969","1208"
"6503","5805","94"
"6504","4896","83"
"6505","4897","83"
"6506","5754","83"
"6507","5755","83"
"6508","5753","83"
"6509","4955","83"
"6511","5157","33"
"6512","5711","103"
"6513","5712","103"
"6514","5634","1000"
"6515","5634","1232"
"6516","5696","1049"
"6517","5682","4"
"6518","4781","94"
"6519","5348","83"
"6520","5182","1208"
"6521","4846","83"
"6522","5904","4"
"6523","5904","83"
"6524","5628","103"
"6525","5506","94"
"6526","5507","94"
"6527","5508","94"
"6528","5752","103"
"6530","5718","94"
"6531","4116","83"
"6532","4117","83"
"6533","5244","83"
"6534","5689","94"
"6535","5569","1000"
"6536","5568","1000"
"6537","5679","1236"
"6538","5627","1049"
"6539","5557","1049"
"6540","5558","1049"
"6541","5703","1236"
"6542","5701","1236"
"6543","5702","1236"
"6544","5815","1049"
"6545","5812","1049"
"6546","5814","1049"
"6547","5813","1049"
"6548","5143","4"
"6549","5143","1223"
"6550","5144","4"
"6551","5144","1223"
"6552","5145","4"
"6553","5145","1223"
"6554","4542","1049"
"6555","5767","1236"
"6556","5766","1236"
"6557","5098","1000"
"6558","5099","1000"
"6559","5450","83"
"6560","5449","83"
"6561","5350","94"
"6563","5518","1049"
"6565","5485","94"
"6566","5150","1049"
"6567","3020","103"
"6568","5122","1049"
"6569","5665","4"
"6570","5736","1229"
"6571","5738","1229"
"6572","5007","83"
"6573","5008","83"
"6574","5734","1229"
"6575","5735","1229"
"6576","5779","1066"
"6577","5855","94"
"6578","5856","94"
"6579","4762","1026"
"6580","5586","94"
"6581","5588","94"
"6582","5587","94"
"6583","5458","4"
"6584","5455","4"
"6585","5882","94"
"6586","5883","94"
"6587","5589","83"
"6588","5691","83"
"6589","5693","83"
"6590","5692","83"
"6591","5960","4"
"6592","5905","83"
"6593","5456","4"
"6594","5457","4"
"6595","5903","94"
"6596","5669","83"
"6597","5760","1000"
"6598","5830","4"
"6599","5830","90"
"6600","4970","83"
"6601","5290","94"
"6602","5887","1000"
"6603","5842","103"
"6604","5841","103"
"6605","5816","94"
"6606","5700","94"
"6607","5789","1000"
"6608","5788","1000"
"6611","5787","94"
"6612","5541","1226"
"6613","5618","94"
"6614","5998","4"
"6615","5598","94"
"6616","5729","94"
"6617","5498","83"
"6618","5093","1000"
"6619","5093","1239"
"6620","5784","83"
"6621","5889","1020"
"6622","5890","1020"
"6624","5654","94"
"6625","5809","1049"
"6626","5543","1228"
"6627","5542","1228"
"6629","5584","1000"
"6630","5870","90"
"6631","5884","94"
"6633","5241","94"
"6634","5240","94"
"6635","6022","94"
"6636","5403","94"
"6637","5193","33"
"6638","5256","1000"
"6639","5737","1229"
"6640","5768","1236"
"6641","5769","1236"
"6642","5770","1236"
"6643","5771","1236"
"6644","5818","94"
"6645","5817","94"
"6646","5915","1049"
"6647","5109","83"
"6648","5929","94"
"6649","5680","83"
"6650","5706","1066"
"6651","5708","1066"
"6652","5707","1066"
"6653","5906","90"
"6654","5906","4"
"6655","5907","90"
"6656","5907","4"
"6657","5908","90"
"6658","5908","4"
"6659","5853","4"
"6660","5853","33"
"6661","5819","33"
"6662","5810","1213"
"6663","5071","86"
"6664","5080","33"
"6665","4250","83"
"6666","5902","94"
"6667","6011","103"
"6668","6010","103"
"6669","4579","83"
"6670","5916","1244"
"6671","5916","1000"
"6672","5917","1244"
"6673","5917","1000"
"6674","5928","94"
"6675","4885","83"
"6676","5895","83"
"6677","6007","94"
"6678","5865","4"
"6679","5999","1049"
"6680","5826","1049"
"6681","5572","1020"
"6682","6057","103"
"6683","5756","103"
"6684","6002","1248"
"6685","4790","94"
"6686","6132","4"
"6687","6127","1248"
"6688","6128","1248"
"6689","4086","1244"
"6690","4086","1000"
"6691","4086","4"
"6692","6059","94"
"6693","6139","1249"
"6694","6139","1248"
"6695","6140","1248"
"6696","6140","1249"
"6697","6142","1248"
"6698","5901","1000"
"6699","5958","1049"
"6700","6147","4"
"6701","6147","90"
"6702","6148","1066"
"6703","5694","94"
"6704","6120","4"
"6705","6129","4"
"6706","6037","1248"
"6707","6037","4"
"6708","6039","4"
"6709","6039","1248"
"6710","6038","4"
"6711","6038","1248"
"6712","6101","103"
"6713","4512","94"
